rule	params	cv_f05	ho_f05	ev_f05	ev_delta	ev_precision	ev_recall	ev_micro_f05	ev_n_pred	ev_fp	ev_fn	ev_india	ev_us	ho_india	ho_us
baseline global 0.66	"{""t"": 0.66}"	0.94808	0.94925	0.94826	0.0	0.97995	0.90188	0.96327	5628310.0	112852.0	600068.0	0.93964	0.95401	0.94018	0.95522
1 global	"{""t"": 0.66}"	0.94808	0.94925	0.94826	0.0	0.97995	0.90188	0.96327	5628310.0	112852.0	600068.0	0.93964	0.95401	0.94018	0.95522
2 per-country	"{""t"": 0.66, ""t_in"": 0.68, ""t_us"": 0.66}"	0.94811	0.94941	0.94823	-3e-05	0.98058	0.90059	0.96346	5616669.0	109095.0	607952.0	0.93957	0.95401	0.94059	0.95522
5 no-match guard	"{""t"": 0.66, ""guard"": 0.66}"	0.94808	0.94925	0.94826	0.0	0.97995	0.90188	0.96327	5628310.0	112852.0	600068.0	0.93964	0.95401	0.94018	0.95522
6 margin top1-top2	"{""t"": 0.66, ""margin"": 0.5, ""t_hi"": 0.8}"	0.94808	0.94925	0.94826	0.0	0.97995	0.90188	0.96327	5628310.0	112852.0	600068.0	0.93964	0.95401	0.94018	0.95522
7a top-1 rescue	"{""t"": 0.66, ""t_top1"": 0.65}"	0.94804	0.9492	0.94828	2e-05	0.97991	0.90193	0.96325	5628857.0	113104.0	599773.0	0.93967	0.95402	0.94013	0.95518
7b relative to best	"{""t"": 0.66, ""rel"": 0.7}"	0.94812	0.94931	0.94829	3e-05	0.98215	0.89682	0.96381	5584225.0	99700.0	631001.0	0.93979	0.95396	0.94057	0.95508
7c exclusive	"{""t"": 0.66, ""excl"": true}"	0.94859	0.94931	0.95082	0.00256	0.98359	0.90077	0.96583	5600567.0	91887.0	606846.0	0.94314	0.95594	0.94029	0.95526
COMBINED (greedy on CV)	"{""t"": 0.66, ""t_in"": 0.68, ""t_us"": 0.66, ""t_top1"": 0.67, ""excl"": true}"	0.94861	0.94945	0.95071	0.00245	0.98405	0.89954	0.9659	5590366.0	89194.0	614354.0	0.94288	0.95594	0.94065	0.95526
4 per-source	"{""thr_s2"": 0.66, ""thr_s3"": 0.66}"	0.94808	0.94925	0.94826	-0.0										
